{
  "image1": "img_18_stacked_streets-v11.jpg", 
  "resolution": [
    4096, 
    4096
  ], 
  "top_left_corner": [
    -113.58378, 
    53.314779
  ], 
  "bottom_right_corner": [
    -113.57277999999998, 
    53.308215000000004
  ]
}